time,x_true,y_true,z_true,x_pred,y_pred,z_pred
0,0,0.72939,0,0.0549786,0.749647,0.0465286
0.290653,0.387254,1,1,0.325382,0.939305,0.932722
0.806489,0.862936,0.333415,0.894083,0.91122,0.344433,0.915908
1,1,0,0.20265,0.963065,0.0205848,0.195545
